"combogen","combogencoo"
"combogen^3^2","combogencoo^3^1"
"combogen^3^3","combogencoo^3^1"
"combogen^3^4","combogencoo^3^2"
"combogen^3^5","combogencoo^3^2"
"combogen^3^6","combogencoo^3^3"
"combogen^3^7","combogencoo^3^4"
"combogen^7^1","combogencoo^7^1"
"combogen^7^2","combogencoo^7^1"
"combogen^8^1","combogencoo^8^1"
"combogen^8^2","combogencoo^8^1"
"combogen^8^3","combogencoo^8^2"
"combogen^8^4","combogencoo^8^2"
"combogen^8^5","combogencoo^8^3"
"combogen^10^1","combogencoo^10^1"
"combogen^10^2","combogencoo^10^1"
"combogen^26^1","combogencoo^26^1"
"combogen^26^2","combogencoo^26^1"
"combogen^26^3","combogencoo^26^2"
"combogen^26^4","combogencoo^26^2"
"combogen^26^5","combogencoo^26^3"
"combogen^47^1","combogencoo^47^1"
"combogen^47^2","combogencoo^47^1"
"combogen^47^3","combogencoo^47^1"
"combogen^47^4","combogencoo^47^1"
"combogen^50^7","combogencoo^50^1"
"combogen^51^1","combogencoo^51^1"
"combogen^56^2","combogencoo^56^2"
"combogen^56^3","combogencoo^56^2"
"combogen^59^1","combogencoo^59^1"
"combogen^60^1","combogencoo^60^1"
"combogen^60^2","combogencoo^60^2"
"combogen^79^1","combogencoo^79^1"
"combogen^87^1","combogencoo^87^1"
"combogen^96^1","combogencoo^96^1"
"combogen^108^1","combogencoo^108^1"
"combogen^113^1","combogencoo^113^1"
"combogen^113^2","combogencoo^113^1"
"combogen^113^3","combogencoo^113^2"
"combogen^113^4","combogencoo^113^3"
"combogen^116^1","combogencoo^116^1"
"combogen^116^2","combogencoo^116^2"
"combogen^117^1","combogencoo^117^1"
"combogen^117^2","combogencoo^117^1"
"combogen^117^3","combogencoo^117^1"
"combogen^117^4","combogencoo^117^2"
"combogen^117^5","combogencoo^117^3"
"combogen^120^1","combogencoo^120^1"
"combogen^126^1","combogencoo^126^1"
"combogen^126^2","combogencoo^126^2"
"combogen^126^3","combogencoo^126^3"
"combogen^126^4","combogencoo^126^4"
"combogen^127^1","combogencoo^127^1"
"combogen^130^1","combogencoo^130^1"
"combogen^130^2","combogencoo^130^2"
"combogen^130^3","combogencoo^130^3"
"combogen^130^4","combogencoo^130^4"
"combogen^136^1","combogencoo^136^1"
"combogen^136^2","combogencoo^136^2"
"combogen^141^1","combogencoo^141^1"
"combogen^141^2","combogencoo^141^2"
"combogen^141^3","combogencoo^141^3"
"combogen^147^3","combogencoo^147^1"
"combogen^160^1","combogencoo^160^1"
"combogen^160^2","combogencoo^160^2"
"combogen^160^3","combogencoo^160^3"
"combogen^165^1","combogencoo^165^1"
"combogen^165^2","combogencoo^165^2"
"combogen^170^4","combogencoo^170^1"
"combogen^201^1","combogencoo^201^1"
"combogen^202^1","combogencoo^202^1"
"combogen^203^1","combogencoo^203^1"
"combogen^207^1","combogencoo^207^1"
"combogen^207^2","combogencoo^207^2"
"combogen^260^1","combogencoo^260^1"
"combogen^260^2","combogencoo^260^2"
"combogen^260^3","combogencoo^260^3"
"combogen^260^4","combogencoo^260^4"
"combogen^271^1","combogencoo^271^1"
"combogen^271^2","combogencoo^271^2"
"combogen^271^3","combogencoo^271^3"
"combogen^298^1","combogencoo^298^1"
"combogen^298^2","combogencoo^298^2"
"combogen^302^1","combogencoo^302^1"
"combogen^302^2","combogencoo^302^2"
"combogen^302^3","combogencoo^302^3"
"combogen^302^4","combogencoo^302^4"
"combogen^302^5","combogencoo^302^5"
"combogen^315^1","combogencoo^315^1"
"combogen^315^2","combogencoo^315^2"
"combogen^315^3","combogencoo^315^3"
"combogen^315^4","combogencoo^315^4"
"combogen^315^5","combogencoo^315^5"
"combogen^315^6","combogencoo^315^6"
"combogen^330^2","combogencoo^330^1"
"combogen^331^1","combogencoo^331^1"
"combogen^331^2","combogencoo^331^2"
"combogen^335^1","combogencoo^335^1"
"combogen^335^2","combogencoo^335^1"
"combogen^345^1","combogencoo^345^1"
"combogen^345^2","combogencoo^345^1"
"combogen^350^1","combogencoo^350^1"
"combogen^350^2","combogencoo^350^1"
"combogen^356^1","combogencoo^356^1"
"combogen^356^2","combogencoo^356^2"
"combogen^356^3","combogencoo^356^3"
"combogen^356^4","combogencoo^356^4"
"combogen^358^1","combogencoo^358^1"
"combogen^358^2","combogencoo^358^2"
"combogen^377^1","combogencoo^377^1"
"combogen^377^2","combogencoo^377^2"
"combogen^377^3","combogencoo^377^3"
"combogen^377^4","combogencoo^377^4"
"combogen^384^1","combogencoo^384^1"
"combogen^384^2","combogencoo^384^2"
"combogen^389^2","combogencoo^389^1"
"combogen^389^3","combogencoo^389^2"
"combogen^389^4","combogencoo^389^3"
"combogen^399^1","combogencoo^399^1"
"combogen^400^1","combogencoo^400^1"
"combogen^400^2","combogencoo^400^2"
"combogen^400^5","combogencoo^400^3"
"combogen^404^1","combogencoo^404^1"
"combogen^404^2","combogencoo^404^1"
"combogen^404^3","combogencoo^404^2"
"combogen^408^1","combogencoo^408^1"
"combogen^420^1","combogencoo^420^1"
"combogen^469^3","combogencoo^469^1"
"combogen^469^4","combogencoo^469^2"
"combogen^469^5","combogencoo^469^3"
"combogen^470^1","combogencoo^470^1"
"combogen^470^2","combogencoo^470^2"
"combogen^470^3","combogencoo^470^3"
"combogen^477^1","combogencoo^477^1"
"combogen^492^1","combogencoo^492^1"
"combogen^492^2","combogencoo^492^2"
"combogen^492^3","combogencoo^492^3"
"combogen^493^1","combogencoo^493^1"
"combogen^493^2","combogencoo^493^2"
"combogen^493^3","combogencoo^493^3"
"combogen^525^1","combogencoo^525^1"
"combogen^525^2","combogencoo^525^2"
"combogen^527^1","combogencoo^527^1"
"combogen^533^1","combogencoo^533^1"
"combogen^533^2","combogencoo^533^2"
"combogen^546^1","combogencoo^546^1"
"combogen^546^2","combogencoo^546^2"
"combogen^550^1","combogencoo^550^1"
"combogen^562^2","combogencoo^562^1"
"combogen^562^3","combogencoo^562^2"
"combogen^562^4","combogencoo^562^3"
"combogen^564^1","combogencoo^564^1"
"combogen^564^2","combogencoo^564^2"
"combogen^564^3","combogencoo^564^3"
"combogen^568^2","combogencoo^568^1"
"combogen^589^1","combogencoo^589^1"
"combogen^593^1","combogencoo^593^1"
"combogen^593^2","combogencoo^593^2"
"combogen^593^3","combogencoo^593^3"
"combogen^594^4","combogencoo^594^1"
"combogen^599^1","combogencoo^599^1"
"combogen^599^2","combogencoo^599^1"
"combogen^599^3","combogencoo^599^2"
"combogen^602^1","combogencoo^602^1"
"combogen^602^2","combogencoo^602^2"
"combogen^609^1","combogencoo^609^1"
"combogen^612^1","combogencoo^612^1"
"combogen^613^1","combogencoo^613^1"
"combogen^613^2","combogencoo^613^2"
"combogen^619^1","combogencoo^619^1"
"combogen^620^2","combogencoo^620^1"
"combogen^620^3","combogencoo^620^2"
"combogen^621^3","combogencoo^621^1"
"combogen^621^5","combogencoo^621^2"
"combogen^628^1","combogencoo^628^1"
"combogen^628^2","combogencoo^628^1"
"combogen^628^3","combogencoo^628^2"
"combogen^628^4","combogencoo^628^3"
"combogen^634^4","combogencoo^634^1"
"combogen^638^1","combogencoo^638^1"
"combogen^638^2","combogencoo^638^1"
"combogen^638^3","combogencoo^638^1"
"combogen^641^3","combogencoo^641^1"
"combogen^641^4","combogencoo^641^1"
"combogen^641^5","combogencoo^641^2"
"combogen^641^6","combogencoo^641^3"
"combogen^642^2","combogencoo^642^1"
"combogen^643^1","combogencoo^643^1"
"combogen^643^2","combogencoo^643^1"
"combogen^643^3","combogencoo^643^2"
"combogen^645^1","combogencoo^645^1"
"combogen^645^2","combogencoo^645^2"
"combogen^645^3","combogencoo^645^3"
"combogen^645^4","combogencoo^645^4"
"combogen^663^1","combogencoo^663^1"
"combogen^663^2","combogencoo^663^2"
"combogen^664^2","combogencoo^664^1"
"combogen^667^1","combogencoo^667^1"
"combogen^667^2","combogencoo^667^2"
"combogen^667^3","combogencoo^667^3"
"combogen^673^1","combogencoo^673^1"
"combogen^673^2","combogencoo^673^2"
"combogen^675^2","combogencoo^675^1"
"combogen^676^2","combogencoo^676^1"
"combogen^676^3","combogencoo^676^2"
"combogen^676^4","combogencoo^676^3"
"combogen^688^1","combogencoo^688^1"
"combogen^688^2","combogencoo^688^2"
"combogen^689^2","combogencoo^689^1"
"combogen^693^1","combogencoo^693^1"
"combogen^693^3","combogencoo^693^2"
"combogen^693^4","combogencoo^693^3"
"combogen^703^1","combogencoo^703^1"
"combogen^703^2","combogencoo^703^2"
"combogen^703^3","combogencoo^703^3"
"combogen^703^4","combogencoo^703^4"
"combogen^708^1","combogencoo^708^1"
"combogen^708^2","combogencoo^708^2"
"combogen^708^3","combogencoo^708^3"
"combogen^708^4","combogencoo^708^4"
"combogen^709^1","combogencoo^709^1"
"combogen^709^3","combogencoo^709^2"
"combogen^709^4","combogencoo^709^3"
"combogen^710^1","combogencoo^710^1"
"combogen^710^2","combogencoo^710^2"
"combogen^710^3","combogencoo^710^3"
"combogen^715^2","combogencoo^715^2"
"combogen^727^1","combogencoo^727^1"
"combogen^728^4","combogencoo^728^1"
"combogen^728^5","combogencoo^728^2"
"combogen^728^6","combogencoo^728^3"
"combogen^728^7","combogencoo^728^4"
"combogen^733^1","combogencoo^733^1"
"combogen^733^2","combogencoo^733^1"
"combogen^733^3","combogencoo^733^1"
"combogen^733^4","combogencoo^733^1"
"combogen^753^1","combogencoo^753^1"
"combogen^765^1","combogencoo^765^1"
"combogen^765^2","combogencoo^765^1"
"combogen^765^3","combogencoo^765^1"
"combogen^765^4","combogencoo^765^1"
"combogen^765^5","combogencoo^765^1"
"combogen^765^6","combogencoo^765^1"
"combogen^766^1","combogencoo^766^1"
"combogen^766^2","combogencoo^766^1"
"combogen^766^3","combogencoo^766^2"
"combogen^766^4","combogencoo^766^2"
"combogen^766^5","combogencoo^766^3"
"combogen^766^6","combogencoo^766^3"
"combogen^772^1","combogencoo^772^1"
"combogen^772^2","combogencoo^772^2"
"combogen^856^2","combogencoo^856^2"
"combogen^856^3","combogencoo^856^3"
"combogen^861^1","combogencoo^861^1"
"combogen^861^2","combogencoo^861^2"
"combogen^862^1","combogencoo^862^1"
"combogen^862^2","combogencoo^862^2"
"combogen^874^1","combogencoo^874^1"
"combogen^876^1","combogencoo^876^1"
"combogen^876^2","combogencoo^876^2"
"combogen^879^1","combogencoo^879^1"
"combogen^879^2","combogencoo^879^2"
"combogen^883^1","combogencoo^883^1"
"combogen^883^2","combogencoo^883^2"
"combogen^884^3","combogencoo^884^1"
"combogen^884^4","combogencoo^884^2"
"combogen^887^1","combogencoo^887^1"
"combogen^887^2","combogencoo^887^1"
"combogen^887^3","combogencoo^887^1"
"combogen^887^4","combogencoo^887^1"
"combogen^887^5","combogencoo^887^2"
"combogen^887^6","combogencoo^887^2"
"combogen^889^1","combogencoo^889^1"
"combogen^889^2","combogencoo^889^1"
"combogen^889^3","combogencoo^889^1"
"combogen^891^2","combogencoo^891^1"
"combogen^892^1","combogencoo^892^1"
"combogen^892^2","combogencoo^892^1"
"combogen^898^2","combogencoo^898^1"
"combogen^898^3","combogencoo^898^1"
"combogen^963^1","combogencoo^963^1"
"combogen^963^2","combogencoo^963^2"
"combogen^963^3","combogencoo^963^3"
"combogen^963^4","combogencoo^963^4"
"combogen^972^1","combogencoo^972^1"
"combogen^976^1","combogencoo^976^1"
"combogen^976^2","combogencoo^976^1"
"combogen^983^1","combogencoo^983^1"
"combogen^983^2","combogencoo^983^2"
"combogen^983^3","combogencoo^983^3"
"combogen^983^4","combogencoo^983^4"
"combogen^983^5","combogencoo^983^5"
"combogen^983^6","combogencoo^983^6"
"combogen^988^1","combogencoo^988^1"
"combogen^988^2","combogencoo^988^2"
"combogen^988^3","combogencoo^988^3"
"combogen^988^4","combogencoo^988^4"
"combogen^990^3","combogencoo^990^1"
"combogen^990^4","combogencoo^990^2"
"combogen^990^5","combogencoo^990^3"
"combogen^991^3","combogencoo^991^1"
"combogen^991^4","combogencoo^991^2"
"combogen^991^5","combogencoo^991^3"
"combogen^991^6","combogencoo^991^4"
"combogen^992^1","combogencoo^992^1"
"combogen^994^1","combogencoo^994^1"
"combogen^994^2","combogencoo^994^2"
"combogen^994^3","combogencoo^994^3"
"combogen^994^4","combogencoo^994^4"
"combogen^995^1","combogencoo^995^1"
"combogen^995^2","combogencoo^995^1"
"combogen^997^2","combogencoo^997^1"
"combogen^1001^1","combogencoo^1001^1"
"combogen^1001^2","combogencoo^1001^1"
"combogen^1004^1","combogencoo^1004^1"
"combogen^1007^1","combogencoo^1007^1"
"combogen^1008^2","combogencoo^1008^1"
"combogen^1008^4","combogencoo^1008^2"
"combogen^1010^1","combogencoo^1010^1"
"combogen^1010^2","combogencoo^1010^2"
"combogen^1010^3","combogencoo^1010^3"
"combogen^1010^4","combogencoo^1010^4"
"combogen^1010^5","combogencoo^1010^5"
"combogen^1012^2","combogencoo^1012^1"
"combogen^1012^3","combogencoo^1012^2"
"combogen^1016^1","combogencoo^1016^1"
"combogen^1032^1","combogencoo^1032^1"
"combogen^1032^2","combogencoo^1032^2"
"combogen^1040^1","combogencoo^1040^1"
"combogen^1040^2","combogencoo^1040^2"
"combogen^1043^1","combogencoo^1043^1"
"combogen^1046^1","combogencoo^1046^1"
"combogen^1047^2","combogencoo^1047^1"
"combogen^1048^2","combogencoo^1048^1"
"combogen^1073^1","combogencoo^1073^1"
"combogen^1073^3","combogencoo^1073^3"
"combogen^1077^1","combogencoo^1077^1"
"combogen^1077^3","combogencoo^1077^2"
"combogen^1081^2","combogencoo^1081^1"
"combogen^1082^1","combogencoo^1082^1"
"combogen^1082^2","combogencoo^1082^2"
"combogen^1082^3","combogencoo^1082^3"
"combogen^1082^4","combogencoo^1082^4"
"combogen^1091^1","combogencoo^1091^1"
"combogen^1091^2","combogencoo^1091^2"
"combogen^1091^3","combogencoo^1091^3"
"combogen^1104^1","combogencoo^1104^1"
"combogen^1122^1","combogencoo^1122^1"
"combogen^1122^2","combogencoo^1122^2"
"combogen^1131^1","combogencoo^1131^1"
"combogen^1131^2","combogencoo^1131^2"
"combogen^1167^1","combogencoo^1167^1"
"combogen^1167^2","combogencoo^1167^2"
"combogen^1167^3","combogencoo^1167^3"
"combogen^1206^1","combogencoo^1206^1"
"combogen^1217^1","combogencoo^1217^1"
"combogen^1230^1","combogencoo^1230^1"
"combogen^1233^1","combogencoo^1233^1"
"combogen^1240^1","combogencoo^1240^1"
"combogen^1240^2","combogencoo^1240^2"
"combogen^1241^1","combogencoo^1241^1"
"combogen^1241^2","combogencoo^1241^2"
"combogen^1242^3","combogencoo^1242^1"
"combogen^1242^4","combogencoo^1242^2"
"combogen^1248^4","combogencoo^1248^1"
"combogen^1250^1","combogencoo^1250^1"
"combogen^1250^2","combogencoo^1250^2"
"combogen^1250^3","combogencoo^1250^3"
"combogen^1252^1","combogencoo^1252^1"
"combogen^1252^2","combogencoo^1252^2"
"combogen^1270^1","combogencoo^1270^1 "
"combogen^1271^1","combogencoo^1271^1"
"combogen^1271^2","combogencoo^1271^2"
"combogen^1295^1","combogencoo^1295^1"
"combogen^1295^2","combogencoo^1295^1"
"combogen^1317^2","combogencoo^1317^1"
"combogen^1330^1","combogencoo^1330^1"
"combogen^1336^2","combogencoo^1336^1"
"combogen^1353^1","combogencoo^1353^1"
"combogen^1353^2","combogencoo^1353^2"
"combogen^1355^1","combogencoo^1355^1"
"combogen^1355^2","combogencoo^1355^2"
"combogen^1355^3","combogencoo^1355^3"
"combogen^1356^1","combogencoo^1356^1"
"combogen^1356^2","combogencoo^1356^1"
"combogen^1356^3","combogencoo^1356^2"
"combogen^1356^4","combogencoo^1356^2"
"combogen^1357^1","combogencoo^1357^1"
"combogen^1357^2","combogencoo^1357^2"
"combogen^1363^1","combogencoo^1363^1"
"combogen^1363^2","combogencoo^1363^2"
"combogen^1363^3","combogencoo^1363^3"
"combogen^1363^4","combogencoo^1363^4"
"combogen^1364^1","combogencoo^1364^1"
"combogen^1364^2","combogencoo^1364^2"
"combogen^1364^3","combogencoo^1364^3"
"combogen^1364^4","combogencoo^1364^4"
"combogen^1374^1","combogencoo^1374^1"
"combogen^1374^2","combogencoo^1374^2"
"combogen^1378^1","combogencoo^1378^1"
"combogen^1378^2","combogencoo^1378^1"
"combogen^1378^3","combogencoo^1378^1"
"combogen^1379^1","combogencoo^1379^1"
"combogen^1379^2","combogencoo^1379^1"
"combogen^1379^3","combogencoo^1379^1"
"combogen^1379^4","combogencoo^1379^1"
"combogen^1379^5","combogencoo^1379^1"
"combogen^1379^6","combogencoo^1379^1"
"combogen^1379^7","combogencoo^1379^1"
"combogen^1379^8","combogencoo^1379^1"
"combogen^1379^9","combogencoo^1379^1"
"combogen^1382^1","combogencoo^1382^1"
"combogen^1382^2","combogencoo^1382^1"
"combogen^1384^1","combogencoo^1384^1"
"combogen^1384^2","combogencoo^1384^2"
"combogen^1385^3","combogencoo^1385^1"
"combogen^1385^4","combogencoo^1385^1"
"combogen^1393^2","combogencoo^1393^1"
"combogen^1393^3","combogencoo^1393^2"
"combogen^1393^4","combogencoo^1393^3"
"combogen^1393^5","combogencoo^1393^4"
"combogen^1394^2","combogencoo^1394^1"
"combogen^1394^4","combogencoo^1394^2"
"combogen^1396^1","combogencoo^1396^1"
"combogen^1396^2","combogencoo^1396^2"
"combogen^1400^3","combogencoo^1400^2"
"combogen^1402^2","combogencoo^1402^1"
"combogen^1402^3","combogencoo^1402^2"
"combogen^1403^1","combogencoo^1403^1"
"combogen^1403^3","combogencoo^1403^2"
"combogen^1403^4","combogencoo^1403^3"
"combogen^1404^2","combogencoo^1404^1"
"combogen^1409^1","combogencoo^1409^1"
"combogen^1409^2","combogencoo^1409^2"
"combogen^1416^1","combogencoo^1416^1"
"combogen^1417^2","combogencoo^1417^1"
"combogen^1417^3","combogencoo^1417^1"
"combogen^1417^4","combogencoo^1417^1"
"combogen^1439^1","combogencoo^1439^1"
"combogen^1439^2","combogencoo^1439^2"
"combogen^1439^3","combogencoo^1439^3"
"combogen^1447^1","combogencoo^1447^1"
"combogen^1447^2","combogencoo^1447^2"
"combogen^1449^3","combogencoo^1449^1"
"combogen^1449^4","combogencoo^1449^2"
"combogen^1455^2","combogencoo^1455^1"
"combogen^1464^1","combogencoo^1464^1"
"combogen^1464^2","combogencoo^1464^2"
"combogen^1507^1","combogencoo^1507^1"
"combogen^1507^2","combogencoo^1507^2"
"combogen^1507^3","combogencoo^1507^3"
"combogen^1507^4","combogencoo^1507^4"
"combogen^1552^1","combogencoo^1552^1"
"combogen^1552^2","combogencoo^1552^2"
"combogen^1553^1","combogencoo^1553^1"
"combogen^1554^1","combogencoo^1554^1"
"combogen^1554^2","combogencoo^1554^2"
"combogen^1554^3","combogencoo^1554^3"
"combogen^1554^4","combogencoo^1554^4"
"combogen^1564^1","combogencoo^1564^1"
"combogen^1571^1","combogencoo^1571^1"
"combogen^1571^2","combogencoo^1571^2"
"combogen^1571^3","combogencoo^1571^3"
"combogen^1571^4","combogencoo^1571^4"
"combogen^1572^1","combogencoo^1572^1"
"combogen^1572^2","combogencoo^1572^2"
"combogen^1572^3","combogencoo^1572^3"
"combogen^1573^1","combogencoo^1573^1"
"combogen^1573^2","combogencoo^1573^2"
"combogen^1588^1","combogencoo^1588^1"
"combogen^1588^2","combogencoo^1588^2"
"combogen^1588^3","combogencoo^1588^3"
"combogen^1595^1","combogencoo^1595^1"
"combogen^1599^1","combogencoo^1599^1"
"combogen^1599^2","combogencoo^1599^2"
"combogen^1619^1","combogencoo^1619^1"
"combogen^1619^2","combogencoo^1619^2"
"combogen^1619^3","combogencoo^1619^3"
"combogen^1619^4","combogencoo^1619^4"
"combogen^1642^1","combogencoo^1642^1"
"combogen^1660^1","combogencoo^1660^1"
"combogen^1682^1","combogencoo^1682^1"
"combogen^1682^2","combogencoo^1682^2"
"combogen^1695^2","combogencoo^1695^1"
"combogen^1695^3","combogencoo^1695^2"
"combogen^1702^1","combogencoo^1702^1"
"combogen^1702^2","combogencoo^1702^1"
"combogen^1702^4","combogencoo^1702^2"
"combogen^1710^1","combogencoo^1710^1"
"combogen^1710^2","combogencoo^1710^2"
"combogen^1710^3","combogencoo^1710^3"
"combogen^1720^1","combogencoo^1720^1"
"combogen^1723^1","combogencoo^1723^1"
"combogen^1723^2","combogencoo^1723^2"
"combogen^1723^3","combogencoo^1723^3"
"combogen^1733^1","combogencoo^1733^1"
"combogen^1733^2","combogencoo^1733^2"
"combogen^1733^3","combogencoo^1733^3"
"combogen^1733^4","combogencoo^1733^4"
"combogen^1740^2","combogencoo^1740^1"
"combogen^1740^3","combogencoo^1740^1"
"combogen^1743^1","combogencoo^1743^1"
"combogen^1743^2","combogencoo^1743^1"
"combogen^1743^3","combogencoo^1743^1"
"combogen^1743^4","combogencoo^1743^1"
"combogen^1743^5","combogencoo^1743^1"
"combogen^1743^6","combogencoo^1743^1"
"combogen^1745^1","combogencoo^1745^1"
"combogen^1745^2","combogencoo^1745^2"
"combogen^1769^5","combogencoo^1769^1"
"combogen^1769^6","combogencoo^1769^1"
"combogen^1769^7","combogencoo^1769^2"
"combogen^1769^8","combogencoo^1769^2"
"combogen^1769^9","combogencoo^1769^2"
"combogen^1771^1","combogencoo^1771^1"
"combogen^1771^2","combogencoo^1771^2"
"combogen^1772^1","combogencoo^1772^1"
"combogen^1825^1","combogencoo^1825^1"
"combogen^1830^1","combogencoo^1830^1"
"combogen^1830^2","combogencoo^1830^2"
"combogen^1830^3","combogencoo^1830^3"
"combogen^1831^1","combogencoo^1831^1"
"combogen^1831^3","combogencoo^1831^1"
"combogen^1831^4","combogencoo^1831^1"
"combogen^1831^5","combogencoo^1831^1"
"combogen^1831^6","combogencoo^1831^1"
"combogen^1832^1","combogencoo^1832^1"
"combogen^1843^3","combogencoo^1843^2"
"combogen^1866^1","combogencoo^1866^1"
"combogen^1888^1","combogencoo^1888^1"
"combogen^1888^2","combogencoo^1888^2"
"combogen^1891^1","combogencoo^1891^1"
"combogen^1891^2","combogencoo^1891^1"
"combogen^1893^1","combogencoo^1893^1"
"combogen^1893^2","combogencoo^1893^1"
"combogen^1893^3","combogencoo^1893^2"
"combogen^1893^4","combogencoo^1893^3"
"combogen^1904^1","combogencoo^1904^1"
"combogen^1904^2","combogencoo^1904^1"
"combogen^1904^3","combogencoo^1904^1"
"combogen^1912^3","combogencoo^1912^1"
"combogen^1915^1","combogencoo^1915^1"
"combogen^1926^1","combogencoo^1926^1"
"combogen^1927^1","combogencoo^1927^1"
"combogen^1934^1","combogencoo^1934^1"
"combogen^1943^2","combogencoo^1943^1"
"combogen^1943^3","combogencoo^1943^2"
"combogen^1979^1","combogencoo^1979^1"
"combogen^1980^1","combogencoo^1980^1"
"combogen^2001^1","combogencoo^2001^1"
"combogen^2018^1","combogencoo^2018^1"
"combogen^2022^1","combogencoo^2022^1"
"combogen^2039^1","combogencoo^2039^1"
"combogen^2039^2","combogencoo^2039^2"
"combogen^2039^3","combogencoo^2039^3"
"combogen^2048^1","combogencoo^2048^1"
"combogen^2048^2","combogencoo^2048^2"
"combogen^2049^3","combogencoo^2049^1"
"combogen^2049^4","combogencoo^2049^1"
"combogen^2049^5","combogencoo^2049^2"
"combogen^2050^1","combogencoo^2050^1"
"combogen^2050^2","combogencoo^2050^2"
"combogen^2053^2","combogencoo^2053^1"
"combogen^2059^1","combogencoo^2059^1"
"combogen^2059^2","combogencoo^2059^2"
"combogen^2062^1","combogencoo^2062^1"
"combogen^2067^1","combogencoo^2067^1"
"combogen^2070^1","combogencoo^2070^1"
"combogen^2070^2","combogencoo^2070^1"
"combogen^2070^3","combogencoo^2070^1"
"combogen^2076^1","combogencoo^2076^1"
"combogen^2079^1","combogencoo^2079^1"
"combogen^2079^2","combogencoo^2079^2"
"combogen^2080^1","combogencoo^2080^1"
"combogen^2080^2","combogencoo^2080^1"
"combogen^2080^3","combogencoo^2080^2"
"combogen^2094^1","combogencoo^2094^1"
"combogen^2094^2","combogencoo^2094^1"
"combogen^2094^3","combogencoo^2094^2"
"combogen^2098^1","combogencoo^2098^1"
"combogen^2098^2","combogencoo^2098^2"
"combogen^2103^1","combogencoo^2103^1"
"combogen^2103^2","combogencoo^2103^2"
"combogen^2103^3","combogencoo^2103^3"
"combogen^2103^4","combogencoo^2103^4"
"combogen^2104^1","combogencoo^2104^1"
"combogen^2104^2","combogencoo^2104^2"
"combogen^2104^3","combogencoo^2104^3"
"combogen^2104^4","combogencoo^2104^4"
"combogen^2107^1","combogencoo^2107^1"
"combogen^2107^2","combogencoo^2107^2"
"combogen^2123^1","combogencoo^2123^1"
"combogen^2132^1","combogencoo^2132^1"
"combogen^2132^2","combogencoo^2132^1"
"combogen^2132^3","combogencoo^2132^2"
"combogen^2144^2","combogencoo^2144^1"
"combogen^2161^3","combogencoo^2161^1"
"combogen^2161^4","combogencoo^2161^1"
"combogen^2161^5","combogencoo^2161^1"
"combogen^2167^1","combogencoo^2167^1"
"combogen^2167^2","combogencoo^2167^2"
"combogen^2168^1","combogencoo^2168^1"
"combogen^2168^2","combogencoo^2168^1"
"combogen^2168^3","combogencoo^2168^2"
"combogen^2171^1","combogencoo^2171^1"
"combogen^2187^1","combogencoo^2187^1"
"combogen^2226^1","combogencoo^2226^1"
"combogen^2236^1","combogencoo^2236^1"
"combogen^2240^1","combogencoo^2240^1"
"combogen^2240^2","combogencoo^2240^2"
"combogen^2240^3","combogencoo^2240^3"
"combogen^2277^1","combogencoo^2277^1"
"combogen^2277^2","combogencoo^2277^2"
"combogen^2291^1","combogencoo^2291^1"
"combogen^2291^2","combogencoo^2291^2"
"combogen^2291^3","combogencoo^2291^3"
"combogen^2291^4","combogencoo^2291^4"
"combogen^2291^5","combogencoo^2291^5"
"combogen^2322^4","combogencoo^2322^1"
"combogen^2322^5","combogencoo^2322^2"
"combogen^2324^4","combogencoo^2324^1"
"combogen^2330^1","combogencoo^2330^1"
"combogen^2330^2","combogencoo^2330^1"
"combogen^2336^3","combogencoo^2336^1"
"combogen^2336^4","combogencoo^2336^1"
"combogen^2336^5","combogencoo^2336^2"
"combogen^2364^1","combogencoo^2364^1"
"combogen^2364^2","combogencoo^2364^2"
"combogen^2367^1","combogencoo^2367^1"
"combogen^2367^2","combogencoo^2367^2"
"combogen^2367^3","combogencoo^2367^3"
"combogen^2378^2","combogencoo^2378^1"
"combogen^2378^3","combogencoo^2378^2"
"combogen^2393^1","combogencoo^2393^1"
"combogen^2398^1","combogencoo^2398^1"
"combogen^2403^2","combogencoo^2403^1"
"combogen^2406^1","combogencoo^2406^1"
"combogen^2406^2","combogencoo^2406^2"
"combogen^2408^1","combogencoo^2408^1"
"combogen^2408^2","combogencoo^2408^1"
"combogen^2411^1","combogencoo^2411^1"
"combogen^2411^2","combogencoo^2411^1"
"combogen^2411^4","combogencoo^2411^1"
"combogen^2442^4","combogencoo^2442^1"
"combogen^2442^5","combogencoo^2442^2"
"combogen^2444^1","combogencoo^2444^1"
"combogen^2444^2","combogencoo^2444^2"
"combogen^2444^3","combogencoo^2444^3"
"combogen^2446^1","combogencoo^2446^1"
"combogen^2450^1","combogencoo^2450^1"
"combogen^2450^2","combogencoo^2450^2"
"combogen^2450^3","combogencoo^2450^3"
"combogen^2451^1","combogencoo^2451^1"
"combogen^2451^2","combogencoo^2451^2"
"combogen^2451^3","combogencoo^2451^3"
"combogen^2451^4","combogencoo^2451^4"
"combogen^2454^1","combogencoo^2454^1"
"combogen^2454^2","combogencoo^2454^2"
"combogen^2465^1","combogencoo^2465^1"
"combogen^2480^1","combogencoo^2480^1"
"combogen^2480^2","combogencoo^2480^2"
"combogen^2480^3","combogencoo^2480^3"
"combogen^2480^4","combogencoo^2480^4"
"combogen^2490^1","combogencoo^2490^1"
"combogen^2490^2","combogencoo^2490^2"
"combogen^2493^1","combogencoo^2493^1"
"combogen^2493^2","combogencoo^2493^2"
"combogen^2500^1","combogencoo^2500^1"
"combogen^2500^2","combogencoo^2500^2"
"combogen^2500^3","combogencoo^2500^3"
"combogen^2500^4","combogencoo^2500^4"
"combogen^2511^1","combogencoo^2511^1"
"combogen^2511^2","combogencoo^2511^2"
"combogen^2516^1","combogencoo^2516^1"
"combogen^2516^2","combogencoo^2516^2"
"combogen^2516^3","combogencoo^2516^3"
"combogen^2516^4","combogencoo^2516^4"
"combogen^2517^3","combogencoo^2517^1"
"combogen^2517^4","combogencoo^2517^2"
"combogen^2535^1","combogencoo^2535^1"
"combogen^2535^2","combogencoo^2535^2"
"combogen^2539^5","combogencoo^2539^1"
"combogen^2549^5","combogencoo^2549^1"
"combogen^2549^6","combogencoo^2549^2"
"combogen^2554^2","combogencoo^2554^1"
"combogen^2594^1","combogencoo^2594^1"
"combogen^2594^2","combogencoo^2594^2"
"combogen^2625^1","combogencoo^2625^1"
"combogen^2625^2","combogencoo^2625^2"
"combogen^2682^1","combogencoo^2682^1"
"combogen^2706^1","combogencoo^2706^1"
"combogen^2706^2","combogencoo^2706^2"
"combogen^2712^1","combogencoo^2712^1"
"combogen^2712^2","combogencoo^2712^2"
"combogen^2712^3","combogencoo^2712^3"
"combogen^2712^4","combogencoo^2712^4"
"combogen^2718^1","combogencoo^2718^1"
"combogen^2718^2","combogencoo^2718^2"
"combogen^2718^3","combogencoo^2718^3"
"combogen^2718^4","combogencoo^2718^4"
"combogen^2718^5","combogencoo^2718^5"
"combogen^2720^5","combogencoo^2720^1"
"combogen^2721^5","combogencoo^2721^1"
"combogen^2721^6","combogencoo^2721^2"
"combogen^2723^4","combogencoo^2723^1"
"combogen^2727^1","combogencoo^2727^1"
"combogen^2727^2","combogencoo^2727^2"
"combogen^2727^3","combogencoo^2727^3"
"combogen^2727^4","combogencoo^2727^4"
"combogen^2790^1","combogencoo^2790^1"
"combogen^2790^2","combogencoo^2790^1"
"combogen^2817^1","combogencoo^2817^1"
"combogen^2817^2","combogencoo^2817^2"
"combogen^2823^1","combogencoo^2823^1"
"combogen^2823^2","combogencoo^2823^2"
"combogen^2824^1","combogencoo^2824^1"
"combogen^2828^1","combogencoo^2828^1"
"combogen^2828^2","combogencoo^2828^2"
"combogen^2828^3","combogencoo^2828^3"
"combogen^2832^1","combogencoo^2832^1"
"combogen^2832^2","combogencoo^2832^2"
"combogen^2832^3","combogencoo^2832^2"
"combogen^2835^1","combogencoo^2835^1"
"combogen^2836^1","combogencoo^2836^1"
"combogen^2836^2","combogencoo^2836^1"
"combogen^2837^1","combogencoo^2837^1"
"combogen^2837^2","combogencoo^2837^1"
"combogen^2837^3","combogencoo^2837^1"
"combogen^2838^1","combogencoo^2838^1"
"combogen^2840^4","combogencoo^2840^1"
"combogen^2840^5","combogencoo^2840^2"
"combogen^2840^6","combogencoo^2840^3"
"combogen^2850^1","combogencoo^2850^1"
"combogen^2850^2","combogencoo^2850^2"
"combogen^2850^3","combogencoo^2850^3"
"combogen^2850^4","combogencoo^2850^4"
"combogen^2866^1","combogencoo^2866^1"
"combogen^2866^2","combogencoo^2866^2"
"combogen^2866^3","combogencoo^2866^3"
"combogen^2866^4","combogencoo^2866^4"
"combogen^2866^5","combogencoo^2866^5"
"combogen^2866^6","combogencoo^2866^6"
"combogen^2866^7","combogencoo^2866^7"
"combogen^2872^4","combogencoo^2872^1"
"combogen^2872^5","combogencoo^2872^2"
"combogen^2876^1","combogencoo^2876^1"
"combogen^2876^2","combogencoo^2876^2"
"combogen^2876^3","combogencoo^2876^3"
"combogen^2876^4","combogencoo^2876^4"
"combogen^2876^5","combogencoo^2876^5"
"combogen^2878^1","combogencoo^2878^1"
"combogen^2914^1","combogencoo^2914^1"
"combogen^2935^1","combogencoo^2935^1"
"combogen^2936^1","combogencoo^2936^1"
"combogen^2951^1","combogencoo^2951^1"
"combogen^2951^2","combogencoo^2951^1"
"combogen^2951^3","combogencoo^2951^2"
"combogen^2952^2","combogencoo^2952^1"
"combogen^2952^3","combogencoo^2952^2"
"combogen^2952^4","combogencoo^2952^3"
"combogen^2953^1","combogencoo^2953^1"
"combogen^2953^2","combogencoo^2953^2"
"combogen^2953^3","combogencoo^2953^3"
"combogen^2953^4","combogencoo^2953^4"
"combogen^2956^1","combogencoo^2956^1"
"combogen^2956^2","combogencoo^2956^1"
"combogen^2956^3","combogencoo^2956^1"
"combogen^2963^1","combogencoo^2963^1"
"combogen^2963^2","combogencoo^2963^1"
"combogen^2963^3","combogencoo^2963^1"
"combogen^2963^4","combogencoo^2963^2"
"combogen^2964^1","combogencoo^2964^1"
"combogen^2964^2","combogencoo^2964^2"
"combogen^2964^3","combogencoo^2964^3"
"combogen^2965^1","combogencoo^2965^1"
"combogen^2965^3","combogencoo^2965^2"
"combogen^3000^1","combogencoo^3000^1"
"combogen^3006^1","combogencoo^3006^1"
"combogen^3006^2","combogencoo^3006^2"
"combogen^3006^3","combogencoo^3006^3"
"combogen^3006^4","combogencoo^3006^4"
"combogen^3006^5","combogencoo^3006^4"
"combogen^3006^6","combogencoo^3006^4"
"combogen^3008^1","combogencoo^3008^1"
"combogen^3008^2","combogencoo^3008^2"
"combogen^3008^3","combogencoo^3008^3"
"combogen^3096^1","combogencoo^3096^1"
"combogen^3118^1","combogencoo^3118^1"
"combogen^3118^2","combogencoo^3118^2"
"combogen^3122^1","combogencoo^3122^1"
"combogen^3122^2","combogencoo^3122^2"
"combogen^3122^3","combogencoo^3122^3"
"combogen^3130^1","combogencoo^3130^1"
"combogen^3131^1","combogencoo^3131^1"
"combogen^3131^2","combogencoo^3131^1"
"combogen^3131^3","combogencoo^3131^1"
"combogen^3131^4","combogencoo^3131^1"
"combogen^3136^1","combogencoo^3136^1"
"combogen^3136^2","combogencoo^3136^2"
"combogen^3138^1","combogencoo^3138^1"
"combogen^3138^2","combogencoo^3138^2"
"combogen^3138^3","combogencoo^3138^3"
"combogen^3140^1","combogencoo^3140^1"
"combogen^3140^2","combogencoo^3140^2"
"combogen^3140^3","combogencoo^3140^3"
"combogen^3148^3","combogencoo^3148^1"
"combogen^3148^4","combogencoo^3148^2"
"combogen^3149^1","combogencoo^3149^1"
"combogen^3149^2","combogencoo^3149^2"
"combogen^3161^3","combogencoo^3161^1"
"combogen^3161^4","combogencoo^3161^2"
"combogen^3176^1","combogencoo^3176^1"
"combogen^3236^1","combogencoo^3236^1"
"combogen^3236^2","combogencoo^3236^2"
"combogen^3236^3","combogencoo^3236^3"
"combogen^3264^3","combogencoo^3264^1"
"combogen^3287^1","combogencoo^3287^1"
"combogen^3287^2","combogencoo^3287^1"
"combogen^3295^1","combogencoo^3295^1"
"combogen^3295^2","combogencoo^3295^2"
"combogen^3295^3","combogencoo^3295^3"
"combogen^3297^1","combogencoo^3297^1"
"combogen^3297^2","combogencoo^3297^2"
"combogen^3298^1","combogencoo^3298^1"
"combogen^3393^1","combogencoo^3393^1"
"combogen^3393^2","combogencoo^3393^1"
"combogen^3393^3","combogencoo^3393^1"
"combogen^3396^1","combogencoo^3396^1"
"combogen^3399^1","combogencoo^3399^1"
"combogen^3399^2","combogencoo^3399^1"
"combogen^3403^1","combogencoo^3403^1"
"combogen^3403^2","combogencoo^3403^1"
"combogen^3403^3","combogencoo^3403^1"
"combogen^3403^4","combogencoo^3403^1"
"combogen^3405^5","combogencoo^3405^1"
"combogen^3406^1","combogencoo^3406^1"
"combogen^3406^2","combogencoo^3406^1"
"combogen^3406^3","combogencoo^3406^1"
"combogen^3406^4","combogencoo^3406^1"
"combogen^3407^1","combogencoo^3407^1"
"combogen^3407^2","combogencoo^3407^1"
"combogen^3407^3","combogencoo^3407^1"
"combogen^3407^4","combogencoo^3407^1"
"combogen^3407^5","combogencoo^3407^1"
"combogen^3407^6","combogencoo^3407^1"
"combogen^3407^7","combogencoo^3407^1"
"combogen^3407^8","combogencoo^3407^1"
"combogen^3407^9","combogencoo^3407^1"
"combogen^3441^3","combogencoo^3441^1"
"combogen^3443^3","combogencoo^3443^1"
"combogen^3452^1","combogencoo^3452^1"
"combogen^3452^2","combogencoo^3452^1"
"combogen^3453^2","combogencoo^3453^1"
"combogen^3453^3","combogencoo^3453^1"
"combogen^3453^4","combogencoo^3453^1"
"combogen^3456^1","combogencoo^3456^1"
"combogen^3456^2","combogencoo^3456^2"
"combogen^3456^3","combogencoo^3456^3"
"combogen^3456^4","combogencoo^3456^4"
"combogen^3456^5","combogencoo^3456^5"
"combogen^3457^1","combogencoo^3457^1"
"combogen^3457^2","combogencoo^3457^1"
"combogen^3459^1","combogencoo^3459^1"
"combogen^3459^2","combogencoo^3459^2"
"combogen^3459^3","combogencoo^3459^3"
"combogen^3459^4","combogencoo^3459^4"
"combogen^3459^5","combogencoo^3459^5"
"combogen^3460^1","combogencoo^3460^1"
"combogen^3460^2","combogencoo^3460^2"
"combogen^3464^1","combogencoo^3464^1"
"combogen^3469^2","combogencoo^3469^1"
"combogen^3469^3","combogencoo^3469^2"
"combogen^3470^1","combogencoo^3470^1"
"combogen^3470^2","combogencoo^3470^2"
"combogen^3470^3","combogencoo^3470^3"
"combogen^3470^4","combogencoo^3470^4"
"combogen^3470^5","combogencoo^3470^5"
"combogen^3470^6","combogencoo^3470^6"
"combogen^3470^7","combogencoo^3470^7"
"combogen^3470^8","combogencoo^3470^8"
"combogen^3476^1","combogencoo^3476^1"
"combogen^3476^2","combogencoo^3476^1"
"combogen^3476^3","combogencoo^3476^1"
"combogen^3476^4","combogencoo^3476^1"
"combogen^3477^1","combogencoo^3477^1"
"combogen^3478^1","combogencoo^3478^1"
"combogen^3478^2","combogencoo^3478^1"
"combogen^3478^3","combogencoo^3478^1"
"combogen^3482^1","combogencoo^3482^1"
"combogen^3482^2","combogencoo^3482^2"
"combogen^3484^1","combogencoo^3484^1"
"combogen^3484^2","combogencoo^3484^2"
"combogen^3484^3","combogencoo^3484^3"
"combogen^3485^1","combogencoo^3485^1"
"combogen^3485^2","combogencoo^3485^1"
"combogen^3485^3","combogencoo^3485^1"
"combogen^3485^4","combogencoo^3485^2"
"combogen^3490^1","combogencoo^3490^1"
"combogen^3490^2","combogencoo^3490^1"
"combogen^3491^2","combogencoo^3491^1"
"combogen^3491^3","combogencoo^3491^1"
"combogen^3491^4","combogencoo^3491^1"
"combogen^3497^1","combogencoo^3497^1"
"combogen^3497^2","combogencoo^3497^1"
"combogen^3504^1","combogencoo^3504^1"
"combogen^3504^2","combogencoo^3504^1"
"combogen^3507^1","combogencoo^3507^1"
"combogen^3548^1","combogencoo^3548^1"
"combogen^3548^2","combogencoo^3548^2"
"combogen^3559^1","combogencoo^3559^1"
"combogen^3576^1","combogencoo^3576^1"
"combogen^3576^2","combogencoo^3576^2"
"combogen^3576^3","combogencoo^3576^3"
"combogen^3601^1","combogencoo^3601^1"
"combogen^3601^2","combogencoo^3601^2"
"combogen^3601^3","combogencoo^3601^3"
"combogen^3602^1","combogencoo^3602^1"
"combogen^3604^3","combogencoo^3604^1"
"combogen^3611^1","combogencoo^3611^1"
"combogen^3611^2","combogencoo^3611^2"
"combogen^3612^1","combogencoo^3612^1"
"combogen^3612^2","combogencoo^3612^2"
"combogen^3612^3","combogencoo^3612^3"
"combogen^3628^1","combogencoo^3628^1"
"combogen^3628^2","combogencoo^3628^2"
"combogen^3628^3","combogencoo^3628^3"
"combogen^3630^1","combogencoo^3630^1"
"combogen^3630^2","combogencoo^3630^2"
"combogen^3630^3","combogencoo^3630^3"
"combogen^3631^2","combogencoo^3631^1"
"combogen^3644^1","combogencoo^3644^1"
"combogen^3644^2","combogencoo^3644^2"
"combogen^3648^1","combogencoo^3648^1"
"combogen^3648^2","combogencoo^3648^2"
"combogen^3648^3","combogencoo^3648^3"
"combogen^3775^1","combogencoo^3775^1"
"combogen^3775^2","combogencoo^3775^2"
"combogen^3775^3","combogencoo^3775^3"
"combogen^3776^1","combogencoo^3776^1"
"combogen^3776^2","combogencoo^3776^2"
"combogen^3796^1","combogencoo^3796^1"
"combogen^3796^2","combogencoo^3796^2"
"combogen^3797^1","combogencoo^3797^1"
"combogen^3797^2","combogencoo^3797^2"
"combogen^3797^3","combogencoo^3797^3"
"combogen^3797^4","combogencoo^3797^4"
"combogen^3797^5","combogencoo^3797^5"
"combogen^3797^6","combogencoo^3797^6"
"combogen^3804^1","combogencoo^3804^1"
"combogen^3804^2","combogencoo^3804^2"
"combogen^3804^3","combogencoo^3804^3"
"combogen^3804^4","combogencoo^3804^4"
"combogen^3809^1","combogencoo^3809^1"
"combogen^3809^2","combogencoo^3809^2"
"combogen^3809^3","combogencoo^3809^3"
"combogen^3845^2","combogencoo^3845^1"
"combogen^3845^3","combogencoo^3845^2"
"combogen^3935^1","combogencoo^3935^1"
"combogen^3935^2","combogencoo^3935^2"
"combogen^3935^3","combogencoo^3935^3"
"combogen^3936^1","combogencoo^3936^1"
"combogen^3936^2","combogencoo^3936^2"
"combogen^3938^1","combogencoo^3938^1"
"combogen^3938^2","combogencoo^3938^2"
"combogen^3938^3","combogencoo^3938^3"
"combogen^3938^4","combogencoo^3938^4"
"combogen^3943^1","combogencoo^3943^1"
"combogen^3943^2","combogencoo^3943^2"
"combogen^3944^1","combogencoo^3944^1"
"combogen^3944^2","combogencoo^3944^1"
"combogen^3944^3","combogencoo^3944^1"
"combogen^3947^1","combogencoo^3947^1"
"combogen^3947^2","combogencoo^3947^2"
"combogen^3948^1","combogencoo^3948^1"
"combogen^3948^2","combogencoo^3948^2"
"combogen^3954^1","combogencoo^3954^1"
"combogen^3954^2","combogencoo^3954^2"
"combogen^3954^3","combogencoo^3954^3"
"combogen^3982^1","combogencoo^3982^1"
"combogen^3992^2","combogencoo^3992^1"
"combogen^3992^3","combogencoo^3992^1"
"combogen^4005^1","combogencoo^4005^1"
"combogen^4040^1","combogencoo^4040^1"
"combogen^4040^2","combogencoo^4040^2"
"combogen^4041^1","combogencoo^4041^1"
"combogen^4041^2","combogencoo^4041^2"
"combogen^4041^3","combogencoo^4041^3"
"combogen^4041^4","combogencoo^4041^4"
"combogen^4042^1","combogencoo^4042^1"
"combogen^4042^2","combogencoo^4042^1"
"combogen^4050^2","combogencoo^4050^1"
"combogen^4050^3","combogencoo^4050^2"
"combogen^4054^1","combogencoo^4054^1"
"combogen^4054^2","combogencoo^4054^2"
"combogen^4072^3","combogencoo^4072^1"
"combogen^4072^4","combogencoo^4072^1"
"combogen^4072^5","combogencoo^4072^1"
"combogen^4072^6","combogencoo^4072^1"
"combogen^4078^2","combogencoo^4078^1"
"combogen^4078^3","combogencoo^4078^2"
"combogen^4078^4","combogencoo^4078^3"
"combogen^4125^1","combogencoo^4125^1"
"combogen^4125^2","combogencoo^4125^1"
"combogen^4143^1","combogencoo^4143^1"
"combogen^4146^1","combogencoo^4146^1"
"combogen^4158^1","combogencoo^4158^1"
"combogen^4158^2","combogencoo^4158^2"
"combogen^4158^3","combogencoo^4158^3"
"combogen^4158^4","combogencoo^4158^4"
"combogen^4162^1","combogencoo^4162^1"
"combogen^4162^2","combogencoo^4162^2"
"combogen^4162^3","combogencoo^4162^3"
"combogen^4195^1","combogencoo^4195^1"
"combogen^4195^2","combogencoo^4195^2"
"combogen^4195^3","combogencoo^4195^3"
"combogen^4259^1","combogencoo^4259^1"
"combogen^4266^4","combogencoo^4266^1"
"combogen^4266^5","combogencoo^4266^2"
"combogen^4271^1","combogencoo^4271^1"
"combogen^4937^2","combogencoo^4937^1"
"combogen^4939^1","combogencoo^4939^1"
"combogen^4939^2","combogencoo^4939^2"
"combogen^4940^1","combogencoo^4940^1"
"combogen^4940^2","combogencoo^4940^2"
"combogen^4941^1","combogencoo^4941^1"
"combogen^4941^2","combogencoo^4941^2"
"combogen^4941^3","combogencoo^4941^3"
"combogen^6002^1","combogencoo^6002^1"
"combogen^6002^2","combogencoo^6002^1"
"combogen^6002^3","combogencoo^6002^2"
"combogen^6002^4","combogencoo^6002^2"
"combogen^6004^1","combogencoo^6004^1"
"combogen^6004^2","combogencoo^6004^2"
"combogen^6009^1","combogencoo^6009^1"
"combogen^6009^2","combogencoo^6009^2"
"combogen^6016^1","combogencoo^6016^1"
"combogen^6017^1","combogencoo^6017^1"
"combogen^6017^2","combogencoo^6017^2"
"combogen^6018^1","combogencoo^6018^1"
"combogen^6019^1","combogencoo^6019^1"
"combogen^6021^1","combogencoo^6021^1"
"combogen^6021^2","combogencoo^6021^2"
"combogen^6021^3","combogencoo^6021^3"
"combogen^6030^1","combogencoo^6030^1"
"combogen^6030^2","combogencoo^6030^1"
"combogen^6031^1","combogencoo^6031^1"
"combogen^6034^1","combogencoo^6034^1"
"combogen^6034^2","combogencoo^6034^2"
"combogen^6035^1","combogencoo^6035^1"
"combogen^6041^1","combogencoo^6041^1"
"combogen^6041^2","combogencoo^6041^2"
"combogen^6041^3","combogencoo^6041^3"
"combogen^6041^4","combogencoo^6041^4"
"combogen^6042^1","combogencoo^6042^1"
"combogen^6042^2","combogencoo^6042^2"
"combogen^6042^3","combogencoo^6042^2"
"combogen^6043^1","combogencoo^6043^1"
"combogen^6043^2","combogencoo^6043^1"
"combogen^6043^3","combogencoo^6043^2"
"combogen^6043^4","combogencoo^6043^3"
"combogen^6043^5","combogencoo^6043^4"
"combogen^6052^1","combogencoo^6052^1"
"combogen^6052^2","combogencoo^6052^2"
"combogen^6055^1","combogencoo^6055^1"
"combogen^6055^2","combogencoo^6055^2"
"combogen^6055^3","combogencoo^6055^3"
"combogen^6056^1","combogencoo^6056^1"
"combogen^6056^2","combogencoo^6056^2"
"combogen^6056^3","combogencoo^6056^3"
"combogen^6056^4","combogencoo^6056^4"
"combogen^6061^1","combogencoo^6061^1"
"combogen^6061^2","combogencoo^6061^1"
"combogen^6064^1","combogencoo^6064^1"
"combogen^6065^1","combogencoo^6065^1"
"combogen^6065^2","combogencoo^6065^2"
"combogen^6068^1","combogencoo^6068^1"
"combogen^6068^2","combogencoo^6068^2"
"combogen^6068^3","combogencoo^6068^3"
"combogen^6071^1","combogencoo^6071^1"
"combogen^6071^2","combogencoo^6071^2"
"combogen^6073^1","combogencoo^6073^1"
"combogen^6073^2","combogencoo^6073^1"
"combogen^6073^3","combogencoo^6073^2"
"combogen^6073^4","combogencoo^6073^2"
"combogen^6076^1","combogencoo^6076^1"
"combogen^6076^2","combogencoo^6076^2"
"combogen^6076^3","combogencoo^6076^3"
"combogen^6076^4","combogencoo^6076^4"
"combogen^6077^1","combogencoo^6077^1"
"combogen^6077^2","combogencoo^6077^2"
"combogen^6081^1","combogencoo^6081^1"
"combogen^6082^1","combogencoo^6082^1"
"combogen^6085^1","combogencoo^6085^1"
"combogen^6085^2","combogencoo^6085^2"
"combogen^6085^3","combogencoo^6085^3"
"combogen^6085^4","combogencoo^6085^4"
"combogen^6089^1","combogencoo^6089^1"
"combogen^6090^1","combogencoo^6090^1"
"combogen^6090^2","combogencoo^6090^2"
"combogen^6090^3","combogencoo^6090^3"
"combogen^6094^1","combogencoo^6094^1"
"combogen^6094^2","combogencoo^6094^2"
"combogen^6094^3","combogencoo^6094^3"
"combogen^6095^1","combogencoo^6095^1"
"combogen^6095^2","combogencoo^6095^1"
"combogen^6096^1","combogencoo^6096^1"
"combogen^6096^2","combogencoo^6096^2"
"combogen^6098^1","combogencoo^6098^1"
"combogen^6101^1","combogencoo^6101^1"
"combogen^6106^1","combogencoo^6106^1"
"combogen^6112^1","combogencoo^6112^1"
"combogen^6113^1","combogencoo^6113^1"
"combogen^6113^2","combogencoo^6113^2"
"combogen^6113^3","combogencoo^6113^3"
"combogen^6113^4","combogencoo^6113^4"
"combogen^6113^5","combogencoo^6113^5"
"combogen^6124^1","combogencoo^6124^1"
"combogen^6136^1","combogencoo^6136^1"
"combogen^6137^1","combogencoo^6137^1"
"combogen^6137^2","combogencoo^6137^2"
"combogen^6138^1","combogencoo^6138^1"
"combogen^6139^1","combogencoo^6139^1"
"combogen^6139^2","combogencoo^6139^1"
"combogen^6139^3","combogencoo^6139^1"
"combogen^6146^1","combogencoo^6146^1"
"combogen^6146^2","combogencoo^6146^1"
"combogen^6146^3","combogencoo^6146^1"
"combogen^6147^1","combogencoo^6147^1"
"combogen^6147^2","combogencoo^6147^1"
"combogen^6147^3","combogencoo^6147^1"
"combogen^6155^1","combogencoo^6155^1"
"combogen^6155^2","combogencoo^6155^2"
"combogen^6156^1","combogencoo^6156^1"
"combogen^6165^1","combogencoo^6165^1"
"combogen^6165^2","combogencoo^6165^2"
"combogen^6165^3","combogencoo^6165^3"
"combogen^6166^1","combogencoo^6166^1"
"combogen^6166^2","combogencoo^6166^2"
"combogen^6170^1","combogencoo^6170^1"
"combogen^6170^2","combogencoo^6170^1"
"combogen^6177^1","combogencoo^6177^1"
"combogen^6177^2","combogencoo^6177^2"
"combogen^6178^1","combogencoo^6178^1"
"combogen^6179^1","combogencoo^6179^1"
"combogen^6179^2","combogencoo^6179^2"
"combogen^6179^3","combogencoo^6179^3"
"combogen^6180^1","combogencoo^6180^1"
"combogen^6180^2","combogencoo^6180^1"
"combogen^6181^1","combogencoo^6181^1"
"combogen^6181^2","combogencoo^6181^2"
"combogen^6183^1","combogencoo^6183^1"
"combogen^6190^1","combogencoo^6190^1"
"combogen^6190^2","combogencoo^6190^2"
"combogen^6190^3","combogencoo^6190^3"
"combogen^6193^1","combogencoo^6193^1"
"combogen^6193^2","combogencoo^6193^2"
"combogen^6193^3","combogencoo^6193^3"
"combogen^6194^1","combogencoo^6194^1"
"combogen^6194^2","combogencoo^6194^2"
"combogen^6195^1","combogencoo^6195^1"
"combogen^6195^2","combogencoo^6195^2"
"combogen^6204^1","combogencoo^6204^1"
"combogen^6204^2","combogencoo^6204^2"
"combogen^6204^3","combogencoo^6204^3"
"combogen^6213^1","combogencoo^6213^1"
"combogen^6213^2","combogencoo^6213^2"
"combogen^6243^1","combogencoo^6243^1"
"combogen^6248^1","combogencoo^6248^1"
"combogen^6249^1","combogencoo^6249^1"
"combogen^6249^2","combogencoo^6249^2"
"combogen^6249^3","combogencoo^6249^3"
"combogen^6249^4","combogencoo^6249^4"
"combogen^6250^1","combogencoo^6250^1"
"combogen^6254^1","combogencoo^6254^1"
"combogen^6257^1","combogencoo^6257^1"
"combogen^6257^2","combogencoo^6257^2"
"combogen^6257^3","combogencoo^6257^3"
"combogen^6257^4","combogencoo^6257^4"
"combogen^6264^1","combogencoo^6264^1"
"combogen^6285^1","combogencoo^6285^1"
"combogen^6288^1","combogencoo^6288^1"
"combogen^6288^2","combogencoo^6288^2"
"combogen^6358^1","combogencoo^6358^1"
"combogen^6469^1","combogencoo^6469^1"
"combogen^6469^2","combogencoo^6469^2"
"combogen^6474^1","combogencoo^6474^1"
"combogen^6481^1","combogencoo^6481^1"
"combogen^6481^2","combogencoo^6481^2"
"combogen^6504^1","combogencoo^6504^1"
"combogen^6504^2","combogencoo^6504^2"
"combogen^6558^1","combogencoo^6558^1"
"combogen^6559^1","combogencoo^6559^1"
"combogen^6639^1","combogencoo^6639^1"
"combogen^6639^2","combogencoo^6639^2"
"combogen^6641^1","combogencoo^6641^1"
"combogen^6641^2","combogencoo^6641^2"
"combogen^6648^1","combogencoo^6648^1"
"combogen^6664^1","combogencoo^6664^1"
"combogen^6705^1","combogencoo^6705^1"
"combogen^6705^2","combogencoo^6705^1"
"combogen^6705^3","combogencoo^6705^1"
"combogen^6705^4","combogencoo^6705^2"
"combogen^6761^1","combogencoo^6761^1"
"combogen^6768^1","combogencoo^6768^1"
"combogen^6772^1","combogencoo^6772^1"
"combogen^6823^1","combogencoo^6823^1"
"combogen^7013^1","combogencoo^7013^1"
"combogen^7030^1","combogencoo^7030^1"
"combogen^7030^2","combogencoo^7030^2"
"combogen^7082^1","combogencoo^7082^1"
"combogen^7097^1","combogencoo^7097^1"
"combogen^7097^2","combogencoo^7097^2"
"combogen^7130^1","combogencoo^7130^1"
"combogen^7153^1","combogencoo^7153^1"
"combogen^7153^2","combogencoo^7153^2"
"combogen^7210^1","combogencoo^7210^1"
"combogen^7213^1","combogencoo^7213^1"
"combogen^7213^2","combogencoo^7213^2"
"combogen^7238^1","combogencoo^7238^1"
"combogen^7238^2","combogencoo^7238^2"
"combogen^7238^3","combogencoo^7238^3"
"combogen^7242^1","#N/A"
"combogen^7294^1","combogencoo^7294^1"
"combogen^7296^1","combogencoo^7296^1"
"combogen^7302^1","combogencoo^7302^1"
"combogen^7302^2","combogencoo^7302^2"
"combogen^7302^3","combogencoo^7302^3"
"combogen^7302^4","combogencoo^7302^4"
"combogen^7307^1","combogencoo^7307^1"
"combogen^7314^1","combogencoo^7314^1"
"combogen^7343^1","combogencoo^7343^1"
"combogen^7350^1","combogencoo^7350^1"
"combogen^7380^1","combogencoo^7380^1"
"combogen^7504^1","combogencoo^7504^1"
"combogen^7512^1","combogencoo^7512^1"
"combogen^7513^1","combogencoo^7513^1"
"combogen^7527^1","combogencoo^7527^1"
"combogen^7546^1","combogencoo^7546^1"
"combogen^7549^1","combogencoo^7549^1"
"combogen^7551^1","combogencoo^7551^1"
"combogen^7552^1","combogencoo^7552^1"
"combogen^7604^1","combogencoo^7604^1"
"combogen^7604^2","combogencoo^7604^2"
"combogen^7605^1","combogencoo^7605^1"
"combogen^7697^1","combogencoo^7697^1"
"combogen^7698^1","combogencoo^7698^1"
"combogen^7699^1","combogencoo^7699^1"
"combogen^7701^1","combogencoo^7701^1"
"combogen^7710^1","combogencoo^7710^1"
"combogen^7710^2","combogencoo^7710^2"
"combogen^7710^3","combogencoo^7710^3"
"combogen^7721^1","combogencoo^7721^1"
"combogen^7737^1","combogencoo^7737^1"
"combogen^7757^1","combogencoo^7757^1"
"combogen^7784^1","combogencoo^7784^1"
"combogen^7790^1","combogencoo^7790^1"
"combogen^7805^1","combogencoo^7805^1"
"combogen^7805^2","combogencoo^7805^2"
"combogen^7826^1","combogencoo^7826^1"
"combogen^7832^1","combogencoo^7832^1"
"combogen^7834^1","combogencoo^7834^1"
"combogen^7845^1","combogencoo^7845^1"
"combogen^7846^1","combogencoo^7846^1"
"combogen^7870^1","combogencoo^7870^1"
"combogen^7873^1","combogencoo^7873^1"
"combogen^7873^2","combogencoo^7873^2"
"combogen^7887^1","combogencoo^7887^1"
"combogen^7897^1","combogencoo^7897^1"
"combogen^7897^2","combogencoo^7897^2"
"combogen^7900^1","combogencoo^7900^1"
"combogen^7902^1","combogencoo^7902^1"
"combogen^7917^1","combogencoo^7917^1"
"combogen^7931^1","combogencoo^7931^1"
"combogen^7946^1","combogencoo^7946^1"
"combogen^7985^1","combogencoo^7985^1"
"combogen^7991^1","combogencoo^7991^1"
"combogen^7999^1","combogencoo^7999^1"
"combogen^8000^1","combogencoo^8000^1"
"combogen^8002^1","combogencoo^8002^1"
"combogen^8006^1","combogencoo^8006^1"
"combogen^8006^2","combogencoo^8006^2"
"combogen^8023^1","combogencoo^8023^1"
"combogen^8023^2","combogencoo^8023^2"
"combogen^8031^1","combogencoo^8031^1"
"combogen^8042^1","combogencoo^8042^1"
"combogen^8042^2","combogencoo^8042^2"
"combogen^8048^1","combogencoo^8048^1"
"combogen^8048^2","combogencoo^8048^1"
"combogen^8054^1","combogencoo^8054^1"
"combogen^8056^1","combogencoo^8056^1"
"combogen^8056^2","combogencoo^8056^1"
"combogen^8059^1","combogencoo^8059^1"
"combogen^8066^1","combogencoo^8066^1"
"combogen^8066^2","combogencoo^8066^2"
"combogen^8066^3","combogencoo^8066^3"
"combogen^8066^4","combogencoo^8066^4"
"combogen^8068^1","combogencoo^8068^1"
"combogen^8068^2","combogencoo^8068^2"
"combogen^8068^3","combogencoo^8068^3"
"combogen^8068^4","combogencoo^8068^4"
"combogen^8068^5","combogencoo^8068^5"
"combogen^8068^6","combogencoo^8068^6"
"combogen^8069^1","combogencoo^8069^1"
"combogen^8069^2","combogencoo^8069^2"
"combogen^8073^1","combogencoo^8073^1"
"combogen^8083^1","combogencoo^8083^1"
"combogen^8102^1","combogencoo^8102^1"
"combogen^8102^2","combogencoo^8102^2"
"combogen^8219^1","combogencoo^8219^1"
"combogen^8222^1","combogencoo^8222^1"
"combogen^8223^1","combogencoo^8223^1"
"combogen^8223^2","combogencoo^8223^2"
"combogen^8223^3","combogencoo^8223^3"
"combogen^8223^4","combogencoo^8223^4"
"combogen^8224^1","combogencoo^8224^1"
"combogen^8224^2","combogencoo^8224^2"
"combogen^8226^1","combogencoo^8226^1"
"combogen^8906^1","combogencoo^8906^1"
"combogen^8906^2","combogencoo^8906^2"
"combogen^8906^4","combogencoo^8906^3"
"combogen^10003^1","combogencoo^10003^1"
"combogen^10012^1","combogencoo^10012^1"
"combogen^10013^1","combogencoo^10013^1"
"combogen^10030^1","combogencoo^10030^1"
"combogen^10034^1","combogencoo^10034^1"
"combogen^10043^1","combogencoo^10043^1"
"combogen^10052^1","combogencoo^10052^1"
"combogen^10062^1","combogencoo^10062^1"
"combogen^10071^1","combogencoo^10071^1"
"combogen^10071^2","combogencoo^10071^2"
"combogen^10075^1","combogencoo^10075^1"
"combogen^10075^2","combogencoo^10075^1"
"combogen^10075^3","combogencoo^10075^1"
"combogen^10090^1","combogencoo^10090^1"
"combogen^10099^1","combogencoo^10099^1"
"combogen^10113^1","combogencoo^10113^1"
"combogen^10118^1","combogencoo^10118^1"
"combogen^10143^1","combogencoo^10143^1"
"combogen^10148^1","combogencoo^10148^1"
"combogen^10151^1","combogencoo^10151^1"
"combogen^10156^1","combogencoo^10156^1"
"combogen^10168^1","combogencoo^10168^1"
"combogen^10169^1","combogencoo^10169^1"
"combogen^10190^1","combogencoo^10190^1"
"combogen^10250^1","combogencoo^10250^1"
"combogen^10290^1","combogencoo^10290^1"
"combogen^10294^1","combogencoo^10294^1"
"combogen^10300^1","combogencoo^10300^1"
"combogen^10307^1","combogencoo^10307^1"
"combogen^10308^1","combogencoo^10308^1"
"combogen^10333^1","combogencoo^10333^1"
"combogen^10342^1","combogencoo^10342^1"
"combogen^10343^1","combogencoo^10343^1"
"combogen^10346^1","combogencoo^10346^1"
"combogen^10350^1","combogencoo^10350^1"
"combogen^10354^1","combogencoo^10354^1"
"combogen^10356^1","combogencoo^10356^1"
"combogen^10377^1","combogencoo^10377^1"
"combogen^10377^2","combogencoo^10377^2"
"combogen^10378^1","combogencoo^10378^1"
"combogen^10378^2","combogencoo^10378^2"
"combogen^10379^1","combogencoo^10379^1"
"combogen^10382^1","combogencoo^10382^1"
"combogen^10384^1","combogencoo^10384^1"
"combogen^10384^2","combogencoo^10384^2"
"combogen^10395^1","combogencoo^10395^1"
"combogen^10405^1","combogencoo^10405^1"
"combogen^10435^1","combogencoo^10435^1"
"combogen^10464^1","combogencoo^10464^1"
"combogen^10495^1","combogencoo^10495^1"
"combogen^10503^1","combogencoo^10503^1"
"combogen^10525^1","combogencoo^10525^1"
"combogen^10566^1","combogencoo^10566^1"
"combogen^10567^1","combogencoo^10567^1"
"combogen^10593^1","combogencoo^10593^1"
"combogen^10603^1","combogencoo^10603^1"
"combogen^10617^1","combogencoo^10617^1"
"combogen^10620^1","combogencoo^10620^1"
"combogen^10621^1","combogencoo^10621^1"
"combogen^10629^1","combogencoo^10629^1"
"combogen^10633^1","combogencoo^10633^1"
"combogen^10641^1","combogencoo^10641^1"
"combogen^10642^1","combogencoo^10642^1"
"combogen^10643^1","combogencoo^10643^1"
"combogen^10646^1","combogencoo^10646^1"
"combogen^10652^1","combogencoo^10652^1"
"combogen^10671^1","combogencoo^10671^1"
"combogen^10671^2","combogencoo^10671^1"
"combogen^10672^1","combogencoo^10672^1"
"combogen^10673^1","combogencoo^10673^1"
"combogen^10676^1","combogencoo^10676^1"
"combogen^10678^1","combogencoo^10678^1"
"combogen^10682^1","combogencoo^10682^1"
"combogen^10682^2","combogencoo^10682^2"
"combogen^10682^3","combogencoo^10682^3"
"combogen^10686^1","combogencoo^10686^1"
"combogen^10725^1","combogencoo^10725^1"
"combogen^10726^1","combogencoo^10726^1"
"combogen^10741^1","combogencoo^10741^1"
"combogen^10743^1","combogencoo^10743^1"
"combogen^10745^1","combogencoo^10745^1"
"combogen^10746^1","combogencoo^10746^1"
"combogen^10751^1","combogencoo^10751^1"
"combogen^10755^1","combogencoo^10755^1"
"combogen^10761^1","combogencoo^10761^1"
"combogen^10761^2","combogencoo^10761^2"
"combogen^10761^3","combogencoo^10761^3"
"combogen^10764^1","combogencoo^10764^1"
"combogen^10765^1","combogencoo^10765^1"
"combogen^10766^1","combogencoo^10766^1"
"combogen^10767^1","combogencoo^10767^1"
"combogen^10771^1","combogencoo^10771^1"
"combogen^10772^1","combogencoo^10772^1"
"combogen^10773^1","combogencoo^10773^1"
"combogen^10774^1","combogencoo^10774^1"
"combogen^10777^1","combogencoo^10777^1"
"combogen^10784^1","combogencoo^10784^1"
"combogen^10805^1","combogencoo^10805^1"
"combogen^10810^1","combogencoo^10810^1"
"combogen^10811^1","combogencoo^10811^1"
"combogen^10812^1","combogencoo^10812^1"
"combogen^10819^1","combogencoo^10819^1"
"combogen^10822^1","combogencoo^10822^1"
"combogen^10836^1","combogencoo^10836^1"
"combogen^10837^1","combogencoo^10837^1"
"combogen^10838^1","combogencoo^10838^1"
"combogen^10839^1","combogencoo^10839^1"
"combogen^10840^1","combogencoo^10840^1"
"combogen^10840^2","combogencoo^10840^2"
"combogen^10869^1","combogencoo^10869^1"
"combogen^50002^1","combogencoo^50002^1"
"combogen^50006^1","combogencoo^50006^1"
"combogen^50071^1","combogencoo^50071^1"
"combogen^50099^1","combogencoo^50099^1"
"combogen^50109^1","combogencoo^50109^1"
"combogen^50127^1","combogencoo^50127^1"
"combogen^50201^1","combogencoo^50201^1"
"combogen^50208^1","combogencoo^50208^1"
"combogen^50215^1","combogencoo^50215^1"
"combogen^50225^1","combogencoo^50225^1"
"combogen^50243^1","combogencoo^50243^1"
"combogen^50273^1","combogencoo^50273^1"
"combogen^50279^1","combogencoo^50279^1"
"combogen^50290^1","combogencoo^50290^1"
"combogen^50292^1","combogencoo^50292^1"
"combogen^50292^2","combogencoo^50292^2"
"combogen^50293^1","combogencoo^50293^1"
"combogen^50308^1","combogencoo^50308^1"
"combogen^50385^1","combogencoo^50385^1"
"combogen^50407^1","combogencoo^50407^1"
"combogen^50449^1","combogencoo^50449^1"
"combogen^50450^1","combogencoo^50450^1"
"combogen^50451^1","combogencoo^50451^1"
"combogen^50458^1","combogencoo^50458^1"
"combogen^50472^1","combogencoo^50472^1"
"combogen^50497^1","combogencoo^50497^1"
"combogen^50498^1","combogencoo^50498^1"
"combogen^50541^1","combogencoo^50541^1"
"combogen^50555^1","combogencoo^50555^1"
"combogen^50558^1","combogencoo^50558^1"
"combogen^50560^1","combogencoo^50560^1"
"combogen^50561^1","combogencoo^50561^1"
"combogen^50572^1","combogencoo^50572^1"
"combogen^50611^1","combogencoo^50611^1"
"combogen^50629^1","combogencoo^50629^1"
"combogen^50630^1","combogencoo^50630^1"
"combogen^50632^1","combogencoo^50632^1"
"combogen^50648^1","combogencoo^50648^1"
"combogen^50650^1","combogencoo^50650^1"
"combogen^50656^1","combogencoo^50656^1"
"combogen^50657^1","combogencoo^50657^1"
"combogen^50658^1","combogencoo^50658^1"
"combogen^50661^1","combogencoo^50661^1"
"combogen^50666^1","combogencoo^50666^1"
"combogen^50707^1","combogencoo^50707^1"
"combogen^50739^1","combogencoo^50739^1"
"combogen^50744^1","combogencoo^50744^1"
"combogen^50748^1","combogencoo^50748^1"
"combogen^50770^1","combogencoo^50770^1"
"combogen^50772^1","combogencoo^50772^1"
"combogen^50774^1","combogencoo^50774^1"
"combogen^50776^1","combogencoo^50776^1"
"combogen^50799^1","combogencoo^50799^1"
"combogen^50815^1","combogencoo^50815^1"
"combogen^50835^1","combogencoo^50835^1"
"combogen^50837^1","combogencoo^50837^1"
"combogen^50850^1","combogencoo^50850^1"
"combogen^50851^1","combogencoo^50851^1"
"combogen^50852^1","combogencoo^50852^1"
"combogen^50858^1","combogencoo^50858^1"
"combogen^50859^1","combogencoo^50859^1"
"combogen^50873^1","combogencoo^50873^1"
"combogen^50875^1","combogencoo^50875^1"
"combogen^50876^1","combogencoo^50876^1"
"combogen^50877^1","combogencoo^50877^1"
"combogen^50878^1","combogencoo^50878^1"
"combogen^50879^1","combogencoo^50879^1"
"combogen^50880^1","combogencoo^50880^1"
"combogen^50881^1","combogencoo^50881^1"
"combogen^50882^1","combogencoo^50882^1"
"combogen^50883^1","combogencoo^50883^1"
"combogen^50884^1","combogencoo^50884^1"
"combogen^50884^2","combogencoo^50884^2"
"combogen^50885^1","combogencoo^50885^1"
"combogen^50886^1","combogencoo^50886^1"
"combogen^50887^1","combogencoo^50887^1"
"combogen^50888^1","combogencoo^50888^1"
"combogen^50931^1","combogencoo^50931^1"
"combogen^50949^1","combogencoo^50949^1"
"combogen^50951^1","combogencoo^50951^1"
"combogen^50966^1","combogencoo^50966^1"
"combogen^50974^1","combogencoo^50974^1"
"combogen^50976^1","combogencoo^50976^1"
"combogen^50978^1","combogencoo^50978^1"
"combogen^51026^1","combogencoo^51026^1"
"combogen^51030^1","combogencoo^51030^1"
"combogen^52007^1","combogencoo^52007^1"
"combogen^52007^2","combogencoo^52007^2"
"combogen^52010^1","combogencoo^52010^1"
"combogen^52010^2","combogencoo^52010^2"
"combogen^52019^1","combogencoo^52019^1"
"combogen^52019^2","combogencoo^52019^2"
"combogen^52056^1","combogencoo^52056^1"
"combogen^52071^1","combogencoo^52071^1"
"combogen^52088^1","combogencoo^52088^1"
"combogen^52118^1","combogencoo^52118^1"
"combogen^52176^1","combogencoo^52176^1"
"combogen^54015^1","combogencoo^54015^1"
"combogen^54033^1","combogencoo^54033^1"
"combogen^54034^1","combogencoo^54034^1"
"combogen^54035^1","combogencoo^54035^1"
"combogen^54041^1","combogencoo^54041^1"
"combogen^54056^1","combogencoo^54056^1"
"combogen^54076^1","combogencoo^54076^1"
"combogen^54081^1","combogencoo^54081^1"
"combogen^54081^2","combogencoo^54081^1"
"combogen^54081^3","combogencoo^54081^2"
"combogen^54081^4","combogencoo^54081^2"
"combogen^54114^1","combogencoo^54114^1"
"combogen^54131^1","combogencoo^54131^1"
"combogen^54238^1","combogencoo^54238^1"
"combogen^54271^1","combogencoo^54271^1"
"combogen^54304^1","combogencoo^54304^1"
"combogen^54324^1","combogencoo^54324^1"
"combogen^54349^1","combogencoo^54349^1"
"combogen^54350^1","combogencoo^54350^1"
"combogen^54365^1","combogencoo^54365^1"
"combogen^54415^1","combogencoo^54415^1"
"combogen^54423^1","combogencoo^54423^1"
"combogen^54424^1","combogencoo^54424^1"
"combogen^54426^1","combogencoo^54426^1"
"combogen^54466^1","combogencoo^54466^1"
"combogen^54476^1","combogencoo^54476^1"
"combogen^54526^1","combogencoo^54526^1"
"combogen^54529^1","combogencoo^54529^1"
"combogen^54537^1","combogencoo^54537^1"
"combogen^54547^1","combogencoo^54547^1"
"combogen^54547^2","combogencoo^54547^2"
"combogen^54561^1","combogencoo^54561^1"
"combogen^54574^1","combogencoo^54574^1"
"combogen^54579^1","combogencoo^54579^1"
"combogen^54586^1","combogencoo^54586^1"
"combogen^54592^1","combogencoo^54592^1"
"combogen^54593^1","combogencoo^54593^1"
"combogen^54620^1","combogencoo^54620^1"
"combogen^54626^1","combogencoo^54626^1"
"combogen^54627^1","combogencoo^54627^1"
"combogen^54634^1","combogencoo^54634^1"
"combogen^54640^1","combogencoo^54640^1"
"combogen^54646^1","combogencoo^54646^1"
"combogen^54676^1","combogencoo^54676^1"
"combogen^54693^1","combogencoo^54693^1"
"combogen^54694^1","combogencoo^54694^1"
"combogen^54746^1","combogencoo^54746^1"
"combogen^54749^1","combogencoo^54749^1"
"combogen^54751^1","combogencoo^54751^1"
"combogen^54755^1","combogencoo^54755^1"
"combogen^54758^1","combogencoo^54758^1"
"combogen^54761^1","combogencoo^54761^1"
"combogen^54761^2","combogencoo^54761^2"
"combogen^54785^1","combogencoo^54785^1"
"combogen^54805^1","combogencoo^54805^1"
"combogen^54817^1","combogencoo^54817^1"
"combogen^54832^1","combogencoo^54832^1"
"combogen^54844^1","combogencoo^54844^1"
"combogen^54844^2","combogencoo^54844^2"
"combogen^54914^1","combogencoo^54914^1"
"combogen^54915^1","combogencoo^54915^1"
"combogen^54945^1","combogencoo^54945^1"
"combogen^54974^1","combogencoo^54974^1"
"combogen^55010^1","combogencoo^55010^1"
"combogen^55011^1","combogencoo^55011^1"
"combogen^55026^1","combogencoo^55026^1"
"combogen^55040^1","combogencoo^55040^1"
"combogen^55041^1","combogencoo^55041^1"
"combogen^55042^1","combogencoo^55042^1"
"combogen^55043^1","combogencoo^55043^1"
"combogen^55047^1","combogencoo^55047^1"
"combogen^55047^2","combogencoo^55047^2"
"combogen^55048^1","combogencoo^55048^1"
"combogen^55062^1","combogencoo^55062^1"
"combogen^55063^1","combogencoo^55063^1"
"combogen^55063^2","combogencoo^55063^1"
"combogen^55063^3","combogencoo^55063^1"
"combogen^55065^1","combogencoo^55065^1"
"combogen^55068^1","combogencoo^55068^1"
"combogen^55075^1","combogencoo^55075^1"
"combogen^55076^1","combogencoo^55076^1"
"combogen^55077^1","combogencoo^55077^1"
"combogen^55079^1","combogencoo^55079^1"
"combogen^55084^1","combogencoo^55084^1"
"combogen^55086^1","combogencoo^55086^1"
"combogen^55087^1","combogencoo^55087^1"
"combogen^55088^1","combogencoo^55088^1"
"combogen^55090^1","combogencoo^55090^1"
"combogen^55091^1","combogencoo^55091^1"
"combogen^55091^2","combogencoo^55091^2"
"combogen^55091^3","combogencoo^55091^3"
"combogen^55091^4","combogencoo^55091^4"
"combogen^55091^5","combogencoo^55091^5"
"combogen^55091^6","combogencoo^55091^6"
"combogen^55096^1","combogencoo^55096^1"
"combogen^55097^1","combogencoo^55097^1"
"combogen^55097^2","combogencoo^55097^2"
"combogen^55098^1","combogencoo^55098^1"
"combogen^55100^1","combogencoo^55100^1"
"combogen^55103^1","combogencoo^55103^1"
"combogen^55104^1","combogencoo^55104^1"
"combogen^55107^1","combogencoo^55107^1"
"combogen^55112^1","combogencoo^55112^1"
"combogen^55123^1","combogencoo^55123^1"
"combogen^55124^1","combogencoo^55124^1"
"combogen^55126^1","combogencoo^55126^1"
"combogen^55129^1","combogencoo^55129^1"
"combogen^55131^1","combogencoo^55131^1"
"combogen^55131^2","combogencoo^55131^1"
"combogen^55131^3","combogencoo^55131^2"
"combogen^55131^4","combogencoo^55131^2"
"combogen^55132^1","combogencoo^55132^1"
"combogen^55137^1","combogencoo^55137^1"
"combogen^55139^1","combogencoo^55139^1"
"combogen^55144^1","combogencoo^55144^1"
"combogen^55144^2","combogencoo^55144^2"
"combogen^55144^3","combogencoo^55144^3"
"combogen^55144^4","combogencoo^55144^4"
"combogen^55146^1","combogencoo^55146^1"
"combogen^55146^2","combogencoo^55146^2"
"combogen^55146^3","combogencoo^55146^3"
"combogen^55149^1","combogencoo^55149^1"
"combogen^55149^2","combogencoo^55149^2"
"combogen^55149^3","combogencoo^55149^3"
"combogen^55151^1","combogencoo^55151^1"
"combogen^55151^2","combogencoo^55151^2"
"combogen^55151^3","combogencoo^55151^3"
"combogen^55151^4","combogencoo^55151^4"
"combogen^55153^1","combogencoo^55153^1"
"combogen^55153^2","combogencoo^55153^2"
"combogen^55154^1","combogencoo^55154^1"
"combogen^55168^1","combogencoo^55168^1"
"combogen^55170^1","combogencoo^55170^1"
"combogen^55172^1","combogencoo^55172^1"
"combogen^55172^2","combogencoo^55172^2"
"combogen^55173^1","combogencoo^55173^1"
"combogen^55173^2","combogencoo^55173^2"
"combogen^55176^1","combogencoo^55176^1"
"combogen^55177^1","combogencoo^55177^1"
"combogen^55178^1","combogencoo^55178^1"
"combogen^55179^1","combogencoo^55179^1"
"combogen^55182^1","combogencoo^55182^1"
"combogen^55183^1","combogencoo^55183^1"
"combogen^55183^2","combogencoo^55183^2"
"combogen^55187^1","combogencoo^55187^1"
"combogen^55188^1","combogencoo^55188^1"
"combogen^55193^1","combogencoo^55193^1"
"combogen^55197^1","combogencoo^55197^1"
"combogen^55197^2","combogencoo^55197^2"
"combogen^55197^3","combogencoo^55197^3"
"combogen^55200^1","combogencoo^55200^1"
"combogen^55206^1","combogencoo^55206^1"
"combogen^55210^1","combogencoo^55210^1"
"combogen^55211^1","combogencoo^55211^1"
"combogen^55211^2","combogencoo^55211^2"
"combogen^55212^1","combogencoo^55212^1"
"combogen^55212^2","combogencoo^55212^2"
"combogen^55215^1","combogencoo^55215^1"
"combogen^55215^2","combogencoo^55215^2"
"combogen^55216^1","combogencoo^55216^1"
"combogen^55217^1","combogencoo^55217^1"
"combogen^55218^1","combogencoo^55218^1"
"combogen^55220^1","combogencoo^55220^1"
"combogen^55221^1","combogencoo^55221^1"
"combogen^55223^1","combogencoo^55223^1"
"combogen^55225^1","combogencoo^55225^1"
"combogen^55225^2","combogencoo^55225^2"
"combogen^55226^1","combogencoo^55226^1"
"combogen^55226^2","combogencoo^55226^2"
"combogen^55230^1","combogencoo^55230^1"
"combogen^55230^2","combogencoo^55230^2"
"combogen^55231^1","combogencoo^55231^1"
"combogen^55239^1","combogencoo^55239^1"
"combogen^55241^1","combogencoo^55241^1"
"combogen^55242^1","combogencoo^55242^1"
"combogen^55259^1","combogencoo^55259^1"
"combogen^55269^1","combogencoo^55269^1"
"combogen^55269^2","combogencoo^55269^2"
"combogen^55269^3","combogencoo^55269^3"
"combogen^55270^1","combogencoo^55270^1"
"combogen^55271^1","combogencoo^55271^1"
"combogen^55282^1","combogencoo^55282^1"
"combogen^55283^1","combogencoo^55283^1"
"combogen^55292^1","combogencoo^55292^1"
"combogen^55293^1","combogencoo^55293^1"
"combogen^55294^1","combogencoo^55294^1"
"combogen^55295^1","combogencoo^55295^1"
"combogen^55297^1","combogencoo^55297^1"
"combogen^55297^2","combogencoo^55297^2"
"combogen^55297^3","combogencoo^55297^3"
"combogen^55298^1","combogencoo^55298^1"
"combogen^55298^2","combogencoo^55298^2"
"combogen^55299^1","combogencoo^55299^1"
"combogen^55302^1","combogencoo^55302^1"
"combogen^55306^1","combogencoo^55306^1"
"combogen^55317^1","combogencoo^55317^1"
"combogen^55320^1","combogencoo^55320^1"
"combogen^55322^1","combogencoo^55322^1"
"combogen^55322^2","combogencoo^55322^2"
"combogen^55327^1","combogencoo^55327^1"
"combogen^55328^1","combogencoo^55328^1"
"combogen^55333^1","combogencoo^55333^1"
"combogen^55334^1","combogencoo^55334^1"
"combogen^55337^1","combogencoo^55337^1"
"combogen^55340^1","combogencoo^55340^1"
"combogen^55343^1","combogencoo^55343^1"
"combogen^55345^1","combogencoo^55345^1"
"combogen^55350^1","combogencoo^55350^1"
"combogen^55357^1","combogencoo^55357^1"
"combogen^55358^1","combogencoo^55358^1"
"combogen^55358^2","combogencoo^55358^2"
"combogen^55358^3","combogencoo^55358^3"
"combogen^55358^4","combogencoo^55358^4"
"combogen^55364^1","combogencoo^55364^1"
"combogen^55369^1","combogencoo^55369^1"
"combogen^55372^1","combogencoo^55372^1"
"combogen^55372^2","combogencoo^55372^2"
"combogen^55372^3","combogencoo^55372^3"
"combogen^55375^1","combogencoo^55375^1"
"combogen^55380^1","combogencoo^55380^1"
"combogen^55380^2","combogencoo^55380^2"
"combogen^55380^3","combogencoo^55380^3"
"combogen^55380^4","combogencoo^55380^4"
"combogen^55382^1","combogencoo^55382^1"
"combogen^55382^2","combogencoo^55382^2"
"combogen^55386^1","combogencoo^55386^1"
"combogen^55393^1","combogencoo^55393^1"
"combogen^55397^1","combogencoo^55397^1"
"combogen^55400^1","combogencoo^55400^1"
"combogen^55404^1","combogencoo^55404^1"
"combogen^55405^1","combogencoo^55405^1"
"combogen^55405^2","combogencoo^55405^2"
"combogen^55405^3","combogencoo^55405^3"
"combogen^55406^1","combogencoo^55406^1"
"combogen^55411^1","combogencoo^55411^1"
"combogen^55412^1","combogencoo^55412^1"
"combogen^55418^1","combogencoo^55418^1"
"combogen^55439^1","combogencoo^55439^1"
"combogen^55440^1","combogencoo^55440^1"
"combogen^55451^1","combogencoo^55451^1"
"combogen^55451^2","combogencoo^55451^2"
"combogen^55451^3","combogencoo^55451^3"
"combogen^55455^1","combogencoo^55455^1"
"combogen^55455^2","combogencoo^55455^2"
"combogen^55457^1","combogencoo^55457^1"
"combogen^55463^1","combogencoo^55463^1"
"combogen^55463^2","combogencoo^55463^2"
"combogen^55463^3","combogencoo^55463^3"
"combogen^55463^4","combogencoo^55463^4"
"combogen^55464^1","combogencoo^55464^1"
"combogen^55467^1","combogencoo^55467^1"
"combogen^55467^2","combogencoo^55467^2"
"combogen^55467^3","combogencoo^55467^3"
"combogen^55479^1","combogencoo^55479^1"
"combogen^55480^1","combogencoo^55480^1"
"combogen^55480^2","combogencoo^55480^2"
"combogen^55481^1","combogencoo^55481^1"
"combogen^55482^1","combogencoo^55482^1"
"combogen^55501^1","combogencoo^55501^1"
"combogen^55501^2","combogencoo^55501^2"
"combogen^55502^1","combogencoo^55502^1"
"combogen^55502^2","combogencoo^55502^2"
"combogen^55503^1","combogencoo^55503^1"
"combogen^55514^1","combogencoo^55514^1"
"combogen^55516^1","combogencoo^55516^1"
"combogen^55518^1","combogencoo^55518^1"
"combogen^55524^1","combogencoo^55524^1"
"combogen^55545^1","combogencoo^55545^1"
"combogen^55592^1","combogencoo^55592^1"
"combogen^55596^1","combogencoo^55596^1"
"combogen^55598^1","combogencoo^55598^1"
"combogen^55620^1","combogencoo^55620^1"
"combogen^55641^1","combogencoo^55641^1"
"combogen^55656^1","combogencoo^55656^1"
"combogen^55656^2","combogencoo^55656^2"
"combogen^55661^1","combogencoo^55661^1"
"combogen^55662^1","combogencoo^55662^1"
"combogen^55664^1","combogencoo^55664^1"
"combogen^55667^1","combogencoo^55667^1"
"combogen^55687^1","combogencoo^55687^1"
"combogen^55690^1","combogencoo^55690^1"
"combogen^55690^2","combogencoo^55690^2"
"combogen^55694^1","combogencoo^55694^1"
"combogen^55700^1","combogencoo^55700^1"
"combogen^55701^1","combogencoo^55701^1"
"combogen^55706^1","combogencoo^55706^1"
"combogen^55708^1","combogencoo^55708^1"
"combogen^55710^1","combogencoo^55710^1"
"combogen^55714^1","combogencoo^55714^1"
"combogen^55736^1","combogencoo^55736^1"
"combogen^55736^2","combogencoo^55736^2"
"combogen^55748^1","combogencoo^55748^1"
"combogen^55749^1","combogencoo^55749^1"
"combogen^55801^1","combogencoo^55801^1"
"combogen^55818^1","combogencoo^55818^1"
"combogen^55821^1","combogencoo^55821^1"
"combogen^55835^1","combogencoo^55835^1"
"combogen^55841^1","combogencoo^55841^1"
"combogen^55853^1","combogencoo^55853^1"
"combogen^55853^2","combogencoo^55853^2"
"combogen^55856^1","combogencoo^55856^1"
"combogen^55856^2","combogencoo^55856^2"
"combogen^55867^1","combogencoo^55867^1"
"combogen^55927^1","combogencoo^55927^1"
"combogen^55933^1","combogencoo^55933^1"
"combogen^55939^1","combogencoo^55939^1"
"combogen^55965^1","combogencoo^55965^1"
"combogen^55965^2","combogencoo^55965^2"
"combogen^55966^1","combogencoo^55966^1"
"combogen^55970^1","combogencoo^55970^1"
"combogen^55976^1","combogencoo^55976^1"
"combogen^55977^1","combogencoo^55977^1"
"combogen^55985^1","combogencoo^55985^1"
"combogen^55990^1","combogencoo^55990^1"
"combogen^56026^1","combogencoo^56026^1"
"combogen^56031^1","combogencoo^56031^1"
"combogen^56038^1","#N/A"
"combogen^56041^1","combogencoo^56041^1"
"combogen^56046^1","combogencoo^56046^1"
"combogen^56068^1","combogencoo^56068^1"
"combogen^56068^2","combogencoo^56068^1"
"combogen^56078^1","combogencoo^56078^1"
"combogen^56079^1","combogencoo^56079^1"
"combogen^56102^1","combogencoo^56102^1"
"combogen^56104^1","combogencoo^56104^1"
"combogen^56119^1","combogencoo^56119^1"
"combogen^56150^1","combogencoo^56150^1"
"combogen^56150^2","combogencoo^56150^2"
"combogen^56164^1","combogencoo^56164^1"
"combogen^56177^1","combogencoo^56177^1"
"combogen^56188^1","combogencoo^56188^1"
"combogen^56196^1","combogencoo^56196^1"
"combogen^56224^1","combogencoo^56224^1"
"combogen^56227^1","combogencoo^56227^1"
"combogen^56234^1","combogencoo^56234^1"
"combogen^56237^1","combogencoo^56237^1"
"combogen^56237^2","combogencoo^56237^2"
"combogen^56259^1","combogencoo^56259^1"
"combogen^56298^1","combogencoo^56298^1"
"combogen^56309^1","combogencoo^56309^1"
"combogen^56319^1","combogencoo^56319^1"
"combogen^56349^1","combogencoo^56349^1"
"combogen^56349^2","combogencoo^56349^2"
"combogen^56350^1","combogencoo^56350^1"
"combogen^56350^2","combogencoo^56350^2"
"combogen^56356^1","combogencoo^56356^1"
"combogen^56400^1","combogencoo^56400^1"
"combogen^56407^1","combogencoo^56407^1"
"combogen^56407^2","combogencoo^56407^2"
"combogen^56407^3","combogencoo^56407^3"
"combogen^56456^1","combogencoo^56456^1"
"combogen^56458^1","combogencoo^56458^1"
"combogen^56467^1","combogencoo^56467^1"
"combogen^56476^1","combogencoo^56476^1"
"combogen^56532^1","combogencoo^56532^1"
"combogen^56564^1","combogencoo^56564^1"
"combogen^56565^1","combogencoo^56565^1"
"combogen^56596^1","combogencoo^56596^1"
"combogen^56609^1","combogencoo^56609^1"
"combogen^56610^1","combogencoo^56610^1"
"combogen^56611^1","combogencoo^56611^1"
"combogen^56616^1","combogencoo^56616^1"
"combogen^56643^1","combogencoo^56643^1"
"combogen^56671^1","combogencoo^56671^1"
"combogen^56706^1","combogencoo^56706^1"
"combogen^56707^1","combogencoo^56707^1"
"combogen^56786^1","combogencoo^56786^1"
"combogen^56798^1","combogencoo^56798^1"
"combogen^56806^1","combogencoo^56806^1"
"combogen^56807^1","combogencoo^56807^1"
"combogen^56808^1","combogencoo^56808^1"
"combogen^56847^1","combogencoo^56847^1"
"combogen^56848^1","combogencoo^56848^1"
"combogen^56931^1","combogencoo^56931^1"
"combogen^56963^1","combogencoo^56963^1"
"combogen^56998^1","combogencoo^56998^1"
"combogen^56998^2","combogencoo^56998^2"
"combogen^57028^1","combogencoo^57028^1"
"combogen^57036^1","combogencoo^57036^1"
"combogen^57037^1","combogencoo^57037^1"
"combogen^57119^1","combogencoo^57119^1"
"combogen^57138^1","combogencoo^57138^1"
"combogen^57241^1","combogencoo^57241^1"
"combogen^57349^1","combogencoo^57349^1"
"combogen^57564^2","combogencoo^57564^1"
"combogen^57664^1","combogencoo^57664^1"
"combogen^57703^1","combogencoo^57703^1"
"combogen^57822^1","combogencoo^57822^1"
"combogen^57839^1","combogencoo^57839^1"
"combogen^57842^1","combogencoo^57842^1"
"combogen^57898^1","combogencoo^57898^1"
"combogen^57901^1","combogencoo^57901^1"
"combogen^57901^2","combogencoo^57901^2"
"combogen^57909^1","combogencoo^57909^1"
"combogen^57978^1","combogencoo^57978^1"
"combogen^58001^1","combogencoo^58001^1"
"combogen^58001^2","combogencoo^58001^2"
"combogen^58005^1","combogencoo^58005^1"
"combogen^58007^1","combogencoo^58007^1"
"combogen^58054^1","combogencoo^58054^1"
"combogen^58079^1","combogencoo^58079^1"
"combogen^58124^1","combogencoo^58124^1"
"combogen^58205^1","combogencoo^58205^1"
"combogen^58215^1","combogencoo^58215^1"
"combogen^58427^1","combogencoo^58427^1"
"combogen^58472^1","combogencoo^58472^1"
"combogen^58518^1","combogencoo^58518^1"
"combogen^58557^1","combogencoo^58557^1"
"combogen^58560^1","combogencoo^58560^1"
"combogen^58574^1","combogencoo^58574^1"
"combogen^58595^1","combogencoo^58595^1"
"combogen^58697^1","combogencoo^58697^1"
"combogen^58706^1","combogencoo^58706^1"
"combogen^58707^1","combogencoo^58707^1"
"combogen^58944^1","combogencoo^58944^1"
"combogen^59254^1","combogencoo^59254^1"
"combogen^59338^1","combogencoo^59338^1"
"combogen^59338^2","combogencoo^59338^2"
"combogen^59784^1","combogencoo^59784^1"
"combogen^59884^1","combogencoo^59884^1"
"combogen^60100^1","combogencoo^60100^1"
